path,width,height,mode,bytes,sha256
art/batch-01-event-preview.jpg,1100,250,RGB,160241,40d59474b236bd24b79df607d5a2b17c1ca599b95de8df253b118d1c9e4f5a5b
art/batch-01-tactical-preview.jpg,1040,310,RGB,163333,354bea9418e49b57c6fec80840f48d9aca04136f916253276042ab26cd431867
art/character-masters/batch-01/C01.png,1073,1466,RGBA,2106257,6178e617e828d07d9e79420386aea3f2d78a13a9ff283ba430378fc587685e23
art/character-masters/batch-01/C02.png,1075,1463,RGBA,2464936,d6f27b18c9821e8b9dba548d52144cc35624c2cfd393ec2079835e04ea40df70
art/character-masters/batch-01/C03.png,1168,1346,RGBA,2645728,951f9dc6f0c6fff83021c76bc1a1d4eca150a8c6e1ff2a20d59b4a69518a73b0
art/character-masters/batch-01/C04.png,1076,1461,RGBA,2445023,773f3dde30057b684bfa0e39cc319954d5d2fc49ab344f4b5c31aed65d5cd19a
art/character-masters/batch-01/C05.png,1076,1462,RGBA,2604681,19bbc132b7d73fd32a1c271a2406f7cd26c3c71f8c9caa4d454e0a20221ccfdf
art/character-masters/batch-02/C06.png,1076,1462,RGBA,2550768,9856f5731c8f7497b0bcae9a7bd4792b63ba4fb87a0b52ea0cc8fde2342a669b
art/final-character-contact-sheet.jpg,1100,1500,RGB,486665,39377fdfb30971a3909dde57285ec68c2f462fd9acbadd4eb2452d0c450cd1f2
art/final-tactical-contact-sheet.jpg,1040,1860,RGB,702974,ee5dc8ed2bb417e554e635352d82112d10f883d02ecf34b5a946fcb6b09bf335
art/references/bilibili/contact_sheet.jpg,1280,1320,RGB,602067,436c8c7d79e8b7939b3846166c1115623243248af6f0e54d5137d4b4df267d8e
art/references/bilibili/S06_C04_C09_BV1cWU4BaECW.jpg,1832,1031,RGB,381286,90a48640a2b8640bf5049a6c2173e112fb5cff159b7012667c04d84d9565c27f
art/references/bilibili/S13_C18_BV1aMes6CEzW.jpg,1061,597,RGB,83702,4ae87063d329ff7f59c7228aed174b7db78ea165a8d41a3d08531289d5bcda0c
art/references/bilibili/S14_C14_BV1fGeG6HEKc.jpg,1920,1080,RGB,161577,6f2644c50a1cfea3ea506a83d52482df8671513b0cea93109752678d1996e70f
art/references/bilibili/S19_C11_C12_BV1cJoyBqE67.jpg,1440,810,RGB,204521,aeb782ce928227a5ab5d5bacce19d99140ac971c617c5831c65fc577e6c0e7c0
art/references/bilibili/S20_C13_BV1und5BhEsB.jpg,1906,1072,RGB,304098,5f445544b7e3f8a74ff90237b52207a38834f45d5d32d7e52baae9757cec2b5e
art/references/bilibili/S21_C16_BV1Mde16wEkt.jpg,1056,594,RGB,81746,286377c9abc1af99ba86120464a6f79b55124cb02a726d5147dd13d69e58d1fb
art/references/bilibili/S22_C15_C17_BV1454R6iEVa.jpg,1920,1080,RGB,291545,d3261a8508fc7a54bc45de28770d88650e38e412546f451f8c2784c1313e0d65
art/references/bilibili/S25_C19_BV1ThtN6vEa7.jpg,1564,880,RGB,181720,e83cc06c6ca71769200ce1492031622a9c00402499afa09a379393a561268e71
art/references/bilibili/S27_C19_BV1Wwt86hEhD.jpg,1920,1080,RGB,358382,5935ebd2ec51fb8cc83b6eea42fb35b2f3b35698070d51153bcae6156840f09c
art/references/bilibili/S35_C28_BV1nKeg6UE7V.jpg,1056,792,RGB,715252,4037b26b0ec2fc5ac9662c9c06a51824e6131f33c3e879b35a73be6f8d872b59
art/references/bilibili/S36_C25_BV1HBY16SEAV.jpg,1916,1080,RGB,1609335,a100e74f72e742f849df1472beb0dde30deac5582bbd6d0489b7ff9566cf9370
art/references/bilibili/S37_C26_BV1tcbM61EyS.jpg,1920,1080,RGB,338676,ee7dfda4cf98d39d747306c7c48ab0b64a02ed6f209ce92f1bf13d51d724ce42
art/references/bilibili/S38_C27_BV1w1b36VEW6.jpg,1920,1080,RGB,272219,d65995d4a11a830e1e7dedbffc9631326ee9174190bdcc091886a173cb08359d
art/references/bilibili/S39_C20_BV1Qntq6hEwL.jpg,1920,1080,RGB,142239,4bb1bbe33e30bd2400c5d41890fc00f19f5797b3f8e1b7dc4b9760463b88d62e
art/references/bilibili/S40_C20_BV16ath6fEzW.jpg,1920,1080,RGB,357141,e08d439fe530d50dbb6652704f936cfe2d3ceecf188a4c27014ac7bd2b034c4a
art/references/bilibili/S41_C21_C22_BV1wcud6pE9h.jpg,1920,1080,RGB,369573,561cfaa5fbcceb545480e769efbb22d8b287f02fbb09e1853618fb77ce0c4bbc
art/references/bilibili/S42_C23_BV1tQ4R6gELW.jpg,742,417,RGB,40730,997b028f570387964dc92890fc26ea5aeb473d796709644a7fd0e13b594e8d65
art/references/bilibili/S44_C29_BV1s5tm6jEsZ.jpg,1920,1080,RGB,388436,bf8104fc670534c43ba0a64955a2b981e7422f0c22ff9cf062c7e5e72bd7fb60
art/references/bilibili/S45_C30_BV15itB6gEpY.jpg,1143,643,RGB,128975,9f3f77f12edc262bd09e8dcac733cdcaf7706086e8bc4567bb84bfc6e9260246
art/references/bilibili/S49_C31_BV1AobM6ME4c.jpg,960,540,RGB,81387,77a13112c4d9c21eafde16d0b755f14bb281712eec7723d437760d89455afc9e
art/references/bilibili/S59_C21_BV1hobT6EEzP.jpg,1920,1080,RGB,359316,4944711e2cec46e18935143f77a3ba6e519dd65a0a55d57257c51f3d15cafddc
art/references/bilibili/S60_C22_BV1fJ8Z6zEQh.jpg,1920,1080,RGB,271348,53d6b827b0127500922eb896401771c5cc4d453be1732de4867e84fcb26e8402
art/references/streamers/224_main_roster_202609.jpg,1920,600,RGB,456333,3b3be00b995fe84ad77542f2e38a33f11656cb64a40741f6e7ce3f9f5fda3289
art/references/streamers/224_room_live_20260923.jpg,1280,720,RGB,73447,f01e1ffdf0d6aedc24d1226f88701b668140e297cf35f357c35edc30597df494
art/references/streamers/224_tuanbo_S7_roster.jpg,1920,600,RGB,861725,acabbb86070d97148e59bcaa12b3c021ab93f53286734c464cba01d79c16e339
art/references/streamers/C01_afei.jpg,196,250,RGB,14070,6149d13a2af1c72b9b9769202d8c9024dbfdc7a83c127cc486caf888a1d13046
art/references/streamers/C02_matcha.jpg,200,200,RGB,20380,dd7cb2b0585bbc94686fd1a6158dfcb4d7e93cb70dea35600dd88e188db57457
art/references/streamers/C03_wangdamou.jpg,120,120,RGB,18973,e9e4e4199bde5a8a877857951a945128e07a965e19e79d9d74d8add89b782765
art/references/streamers/C03_wangdamou_bili.jpg,1221,686,RGB,201885,c198a6d15ed63b5e4461eda72d4647862f3cc04560b7433f7d0b7473d0e3ce22
art/references/streamers/C04_bottle.jpg,120,120,RGB,12063,5e2a0b90352a208cc4e14cdd183c770c92800b9f88853ff98dc37f2dfb8a97f9
art/references/streamers/C05_lili.jpg,200,200,RGBA,44115,7a883d37608ee666ca664eff1793711aea9aa62ca566494c8012e227412ed097
art/references/streamers/C06_yuchujiu.jpg,120,120,RGB,16772,b852b8651c2daa95f289bc93d9826c43e394d7a27fddf015339073bd9f6d6575
art/references/streamers/C07_xiaoyueya.jpg,200,246,RGB,21407,976607778e355f070e969814cbe32aa00dfe7a5aedf0b1839c1a8d5c92d920a2
art/references/streamers/C08_shell.jpg,200,200,RGB,33962,53517eb8ab1b0c5de659078d36de33c471fc5c8e44ef7465a94ddaabdaed7a35
art/references/streamers/C09_baixiaoshuai.jpg,200,200,RGBA,41013,a24905463fcff5cdb9815e3d55a56a5083b6cc2085b5b4e255ce37381c183b19
art/references/streamers/C10_wangduidui.jpg,120,120,RGB,21026,a5be56486a80325660979a1126284c119bb329d97972d4864f51e411b4aac34f
art/references/streamers/C14_xiaojie.jpg,120,120,RGB,16329,ff8645100e744e2f2e7cc597d34fbe0e53ecf93efa46347d0578ad8b41c2daa8
art/references/streamers/C16_tutu.jpg,200,200,RGB,34465,8c2e68c24104be154a31aab149481d7140b34615c026a237ad6e081559fed9c0
art/references/streamers/C18_tongzhu.jpg,200,200,RGB,35494,dad72c7e8e0283eee53670697c25a5ed15a593dc5e9f90877dfcc67c56237481
art/references/streamers/C21_meiya.jpg,200,200,RGB,33587,daf6e9db59c2f6bce83d71f02bf802444fdde109b13774a454e4c9ba06bbba3b
art/references/streamers/C22_chenzhihan.jpg,200,200,RGB,30879,5fd6ab585a871dae2b4f4d0e95345f88bb4d405d6498d059ee2900dd2c116677
art/references/streamers/C25_wanshe.jpg,200,200,RGBA,72448,e83ffaf016f754ab50ef9f58a06ce1e3a9ba0dd916a48615079a594fafc6356a
art/references/streamers/C26_zhizhi.jpg,200,200,RGB,28943,98535239dffb14f3a58863748bc34d30b23d4731cf64ed016d1f9d7d6728b95b
art/references/streamers/C29_yiyaoyao.jpg,120,120,RGB,12615,0e5f1fb52f5dd4fc615053cec461269fe57b3cf9a8dbab87c1782e2e20803906
art/references/streamers/C30_luoyike.jpg,120,120,RGBA,35225,39dd1f4a38915d99cb6501d832d843397762b9606ebae0ccb8a4b8b072f84136
art/references/streamers/C31_bula.jpg,120,120,RGB,14976,2edfe521f8759cbf60ff9f84b2aa97a2778cb21b336b3a88a8fe24e4f2f3ddb8
art/references/streamers/reference_board_A.png,1400,640,RGB,899472,a0efba43ffaca6cc12ef06755b4260c2d36d48786c38613485c41485eb9f4189
art/references/streamers/reference_board_B.png,1400,640,RGB,954198,757c006daac8054e1b974b9bcdde8c9a134303f2eb02cd84a7ce9d7d27001193
art/references/streamers/reference_board_C.png,1400,640,RGB,875947,2f7846254c78a6f805e568a62f627de1665efdd24ac8fab352b90741288cc201
art/references/user-provided/C04-xiaojiuping.png,1440,2560,RGB,2881055,eface667cf5cdd5f586d6bb27d469c32cd52a110a37f645a82b531cc889f30f4
art/references/user-provided/C05-lili.png,1440,1878,RGB,2889580,512b5a033e5c3cd5c1135fb200d0caed8a25f804fa2f7fbe281c2f584aebff91
art/references/user-provided/C06-yuchujiu.png,528,507,RGB,354002,cd83070e048960c1da868f5f524085251890f73044b9515818ee6551b08ff2b3
art/reviews/bb-style-v4-C06-C05-C04.jpg,900,690,RGB,131774,cf95c87c9d0a263b11a328142ef5592f80bf9ff4827455b810bb65696cfa6c7c
art/reviews/C04.png,820,510,RGBA,154016,81c350b5b5c6c35b3da7e8f3cfbdec17c53726d0660b60e85d048e1cd534e75d
art/reviews/C05.png,820,510,RGBA,163876,5b3080094106ffa8e72655ef04b39ae8fa0e6bc22aaa634ea82ba115bd9f767c
art/reviews/C06-identity-lock-v5.jpg,660,460,RGB,63274,2c0cb8376bc5eb7b4d43876e3734d5a891fb4a7ae7d7c9c30febc116257b8de9
art/reviews/C06.png,820,510,RGBA,162677,76b344214b2efefa7c26b94022026c26d5d00082b7812e9314d00c831832dd99
art/reviews/coherent-C01-C06-equipment-v2.jpg,1260,690,RGB,239008,2a90c93b2e52e62134efb0838b67f97056aca4c6510d733afc05c209c80b3cd2
art/reviews/hair-direction-height-C01-C06.jpg,1080,880,RGB,226616,7e9f7224ad16b24096a1210ce58aec910e13e58027568157bd6181ef34993ba6
art/reviews/identity-lock-v5-C06-C05-C04.jpg,900,690,RGB,128616,e90561466535ca3ca5754f72345aa66fc395d8cffcd13d07a4d54a06b0ddbda5
art/reviews/layered-C01-C06-equipment-preview.jpg,1080,660,RGB,182079,4b622bf806aeedd6b9edac54ceb5e8fe85ebf2730b582262e97551dfd36e0c24
art/reviews/layered-C01-C06.jpg,1080,654,RGB,118534,36fcd3e89bf8a2deadf49fdd7b58ebc32121771e3d29bc1d223d8805c291b1ea
art/reviews/likeness-C06-C05-C04-v3.jpg,900,690,RGB,126854,4ebc4cf91f8dbb4a397e677f558489a3dac2485d73d365ed4de008143a5e3f54
art/reviews/runtime-C01-C06-20260924.jpg,1080,660,RGB,165145,ff42216f4943ba60e754374848c7192a7db40e7f87e8426ff1e1dd643d2b2efc
art/reviews/vanilla-hair-options.jpg,1260,654,RGB,122865,86f6d365ed305765ab3da08210e163750493c6f80ffdfd39a622feb36ebc1579
art/reviews/vanilla-layer-baseline.jpg,540,218,RGB,16209,3ffb432eaa7db977990ecd318a159b064d8a1e7d576a3a8e88a5fea9c2f7754a
art/tactical-sprites/battle-style-v6/afei_figure_C04.png,114,142,RGBA,23389,4dd00c20cb3abf5414a18c4fef88e41af3c4193ba83b8867236caa0f50d972ce
art/tactical-sprites/battle-style-v6/afei_figure_C05.png,114,142,RGBA,26382,ebec5a6c691b5905e35a986e25dbe8b93179788a2106e7a9c2a1c4cadff89a4b
art/tactical-sprites/battle-style-v6/afei_figure_C06.png,114,142,RGBA,24264,ff9497320f226a1e0b3958cb7542af488c588f0b9830ea39e1c4c61f463baafb
art/tactical-sprites/battle-style-v6/C04-master.png,1123,1400,RGBA,1291445,a79d4318fed367be33a2d8bb0fd8397111665e1e7ea86d1ee249d2bff107aaa6
art/tactical-sprites/battle-style-v6/C05-master.png,1123,1400,RGBA,1611855,e8c6cdfbd08e0a2d9d72a7c89715741ff9c0f29960097636a33d94c35bd6cca5
art/tactical-sprites/battle-style-v6/C06-master.png,1191,1320,RGBA,1272707,d1db8df1a0e1c8215c5409df1449638558e5c8257d2035b09a02da09befb21a7
art/tactical-sprites/bb-style-v4/afei_figure_C04.png,114,142,RGBA,22068,0bab112157d5255e0c8d89448bb268580dcc10b54fdea4f27d46f00c40652f40
art/tactical-sprites/bb-style-v4/afei_figure_C05.png,114,142,RGBA,28139,f3559f5dfbb08f0fd896480190fc1fa60a86bb998542ee31ae38b6c9b1c796c9
art/tactical-sprites/bb-style-v4/afei_figure_C06.png,114,142,RGBA,26587,f93b09b336105a11ddad49cd200fc68993de28eaa7a8e6461b698810315765d3
art/tactical-sprites/bb-style-v4/C04-cell.png,724,724,RGBA,387461,141b58fdc69dd547993dfefbbb1bfe6300d79d6ce81f01fca510a70db780370e
art/tactical-sprites/bb-style-v4/C04-master.png,724,724,RGBA,387461,141b58fdc69dd547993dfefbbb1bfe6300d79d6ce81f01fca510a70db780370e
art/tactical-sprites/bb-style-v4/C05-cell.png,724,724,RGBA,427076,d1ba1770e85f358f315afa985aa08a76a49043138549a9c2c0fdb3558be46a36
art/tactical-sprites/bb-style-v4/C05-master.png,724,724,RGBA,427076,d1ba1770e85f358f315afa985aa08a76a49043138549a9c2c0fdb3558be46a36
art/tactical-sprites/bb-style-v4/C06-cell.png,724,724,RGBA,451474,7778b631b804976577bda3cad54a6593829612f92405605cf2425d16544c4f82
art/tactical-sprites/bb-style-v4/C06-master.png,724,724,RGBA,451474,7778b631b804976577bda3cad54a6593829612f92405605cf2425d16544c4f82
art/tactical-sprites/bb-style-v4/source-sheet.png,2172,724,RGBA,1259227,2895347edd74562d3efccdfcf5efbeef47c2564f2819785391c5e2a3ed62bffb
art/tactical-sprites/coherent-v2/afei_figure_C01.png,114,142,RGBA,26942,c9bd89f0fac48cd1cafa2c6a8a9264801e7ce6f67334e7203c0c940f5bfa3a7e
art/tactical-sprites/coherent-v2/afei_figure_C02.png,114,142,RGBA,27948,c3278f9db20840f473f843e3a17ad33a72759747b4d0c1b8327cf5f4d52ccf15
art/tactical-sprites/coherent-v2/afei_figure_C03.png,114,142,RGBA,25720,8bdc06fab5d307cf5eb21a0fab9888f5c5c674f9c3150249964953c00b05c2e5
art/tactical-sprites/coherent-v2/afei_figure_C04.png,114,142,RGBA,27335,c5bc16c6758fc527d74b8a91f0c37ea4d412ecb3ee335fa0a52b5bf010f37534
art/tactical-sprites/coherent-v2/afei_figure_C05.png,114,142,RGBA,29033,8c4fcd45bba047900c16923362ea85ccd5cfca1353173c676d8d33229e8d45a0
art/tactical-sprites/coherent-v2/afei_figure_C06.png,114,142,RGBA,29259,0326fb508d8a13c4eef61f53769d27bad53023002acca117a9a3f2f71ad3c864
art/tactical-sprites/coherent-v2/source-sheet.png,1536,1024,RGBA,2435857,f2099fa4e0e93c8e5b3410b17f6388e1c1783372c704fb14ce61dbc19b85bbc8
art/tactical-sprites/icons/afei_body_C01.png,108,76,RGBA,16607,f53744af0b3554a50625323ddfc8ebeac0f1ed21563fa4f2848c180f080892c4
art/tactical-sprites/icons/afei_body_C01_dead.png,108,76,RGBA,10497,d04674678a838170c6692deb557fe941416014b995582b66b2652d6e0e6e14df
art/tactical-sprites/icons/afei_body_C02.png,108,76,RGBA,15973,e906332e74e0ecbc869f9f70b9bfa1228d96e69c0c3ff0b00837800c5e46ae1f
art/tactical-sprites/icons/afei_body_C02_dead.png,108,76,RGBA,10340,cf11e1113478a122b8e023b5f170e591abf50208c9ad4e2f8d98a8dfb5b2de05
art/tactical-sprites/icons/afei_body_C03.png,108,76,RGBA,16662,cb0db107a97df268a6129b71b8983304b6cb67f2ffca76940714f15207ef3b54
art/tactical-sprites/icons/afei_body_C03_dead.png,108,76,RGBA,10570,256450be79ee86ce6fc449102c10f79c2e87a8fc40fd610db25abd6c33ce840d
art/tactical-sprites/icons/afei_body_C04.png,108,76,RGBA,16239,227e0aa5baabde97058b29cda7c57cf52e354b214257d34ed9a3ec3ef08892e8
art/tactical-sprites/icons/afei_body_C04_dead.png,108,76,RGBA,10545,ebd59f2dde9148c8f27fb2ef5e5941fbca8200c76f9bc48067b5b1647a0ec932
art/tactical-sprites/icons/afei_body_C05.png,108,76,RGBA,18095,fca77bcfa1b3c47f77e4d47fc9dd687f2b125e2f52e10afe08077de631d5f08e
art/tactical-sprites/icons/afei_body_C05_dead.png,108,76,RGBA,11498,0db08597dc9ec10a6fdd9322ba70807900d35417c23e9fd6c237f73cce33dac0
art/tactical-sprites/icons/afei_body_C06.png,108,76,RGBA,17793,017982b0a46377cc515a865e4f0053d169b9d4ed6518c540a71af7c72bcd7b5d
art/tactical-sprites/icons/afei_body_C06_dead.png,108,76,RGBA,10721,71c81d012bf70742d9557640d76ba99ea30b86b57793b8ff141b29817b1c6b3e
art/tactical-sprites/icons/afei_figure_C01.png,114,142,RGBA,26942,c9bd89f0fac48cd1cafa2c6a8a9264801e7ce6f67334e7203c0c940f5bfa3a7e
art/tactical-sprites/icons/afei_figure_C01_dead.png,114,142,RGBA,26942,c9bd89f0fac48cd1cafa2c6a8a9264801e7ce6f67334e7203c0c940f5bfa3a7e
art/tactical-sprites/icons/afei_figure_C01_injured.png,114,142,RGBA,143,b178448dfe0d8cb67e58b2ec2a385cc62f886ef86713460956fc6f50b39af964
art/tactical-sprites/icons/afei_figure_C02.png,114,142,RGBA,27948,c3278f9db20840f473f843e3a17ad33a72759747b4d0c1b8327cf5f4d52ccf15
art/tactical-sprites/icons/afei_figure_C02_dead.png,114,142,RGBA,27948,c3278f9db20840f473f843e3a17ad33a72759747b4d0c1b8327cf5f4d52ccf15
art/tactical-sprites/icons/afei_figure_C02_injured.png,114,142,RGBA,143,b178448dfe0d8cb67e58b2ec2a385cc62f886ef86713460956fc6f50b39af964
art/tactical-sprites/icons/afei_figure_C03.png,114,142,RGBA,25720,8bdc06fab5d307cf5eb21a0fab9888f5c5c674f9c3150249964953c00b05c2e5
art/tactical-sprites/icons/afei_figure_C03_dead.png,114,142,RGBA,25720,8bdc06fab5d307cf5eb21a0fab9888f5c5c674f9c3150249964953c00b05c2e5
art/tactical-sprites/icons/afei_figure_C03_injured.png,114,142,RGBA,143,b178448dfe0d8cb67e58b2ec2a385cc62f886ef86713460956fc6f50b39af964
art/tactical-sprites/icons/afei_figure_C04.png,114,142,RGBA,23389,4dd00c20cb3abf5414a18c4fef88e41af3c4193ba83b8867236caa0f50d972ce
art/tactical-sprites/icons/afei_figure_C04_dead.png,114,142,RGBA,23389,4dd00c20cb3abf5414a18c4fef88e41af3c4193ba83b8867236caa0f50d972ce
art/tactical-sprites/icons/afei_figure_C04_injured.png,114,142,RGBA,143,b178448dfe0d8cb67e58b2ec2a385cc62f886ef86713460956fc6f50b39af964
art/tactical-sprites/icons/afei_figure_C05.png,114,142,RGBA,26382,ebec5a6c691b5905e35a986e25dbe8b93179788a2106e7a9c2a1c4cadff89a4b
art/tactical-sprites/icons/afei_figure_C05_dead.png,114,142,RGBA,26382,ebec5a6c691b5905e35a986e25dbe8b93179788a2106e7a9c2a1c4cadff89a4b
art/tactical-sprites/icons/afei_figure_C05_injured.png,114,142,RGBA,143,b178448dfe0d8cb67e58b2ec2a385cc62f886ef86713460956fc6f50b39af964
art/tactical-sprites/icons/afei_figure_C06.png,114,142,RGBA,24264,ff9497320f226a1e0b3958cb7542af488c588f0b9830ea39e1c4c61f463baafb
art/tactical-sprites/icons/afei_figure_C06_dead.png,114,142,RGBA,24264,ff9497320f226a1e0b3958cb7542af488c588f0b9830ea39e1c4c61f463baafb
art/tactical-sprites/icons/afei_figure_C06_injured.png,114,142,RGBA,143,b178448dfe0d8cb67e58b2ec2a385cc62f886ef86713460956fc6f50b39af964
art/tactical-sprites/icons/afei_hair_C01.png,140,140,RGBA,6645,2ec32c6879384471831991a5355ef013dbb0abe025a3e5753a15ba25b22f9590
art/tactical-sprites/icons/afei_hair_C01_dead.png,140,140,RGBA,5335,a58749ad30adc6eb13a6a4148f98c457e6b2dd09e3b38da753872d916fa50712
art/tactical-sprites/icons/afei_hair_C02.png,140,140,RGBA,7188,efc4bf513ff20c7da6409a46175fb3d2d43b3a163127adc4b07748923ecd2473
art/tactical-sprites/icons/afei_hair_C02_dead.png,140,140,RGBA,5767,0a6bd5678b8037dfd6d3dfb4afe9367e62098b4bdec15cae0ddefae7bbc6d4c0
art/tactical-sprites/icons/afei_hair_C03.png,140,140,RGBA,7192,37eb4c0e045d66429e405090e9768d9d03be1ec3362dbd0d9454ba73f5d19424
art/tactical-sprites/icons/afei_hair_C03_dead.png,140,140,RGBA,5520,b351c2b7e458d589d2e7aa5512e1f4d7fec3ac000b6216b84ded9872ac5ceb3b
art/tactical-sprites/icons/afei_hair_C04.png,140,140,RGBA,156,399c867adb3d42bbb824395cbb2869c05618d9fbb6a4be710604841fd3d76741
art/tactical-sprites/icons/afei_hair_C04_dead.png,140,140,RGBA,156,399c867adb3d42bbb824395cbb2869c05618d9fbb6a4be710604841fd3d76741
art/tactical-sprites/icons/afei_hair_C05.png,140,140,RGBA,10240,eed98ec9af37210414a321c1d7fba025d0bcdde181845bb7f0777820fd4a5c0a
art/tactical-sprites/icons/afei_hair_C05_dead.png,140,140,RGBA,7827,fe8173cec38739140272189bc4641a39117ccce5aaf054501b60c7b150063376
art/tactical-sprites/icons/afei_hair_C06.png,140,140,RGBA,18741,e713f7e1894822219afa7d456aebf66e3f309f9262830c1071a4897e3458b45f
art/tactical-sprites/icons/afei_hair_C06_dead.png,140,140,RGBA,14149,e82450fc179a19d5f6c18d5e85c7710ef5b2c4183f1c2452ed9e805dc5a91797
art/tactical-sprites/icons/afei_hair_C07.png,140,100,RGBA,134,dda2058f4d34184cbeda7d785828dad3fe70a9c44c7523901f80f71f32bad2fa
art/tactical-sprites/icons/afei_hair_C07_dead.png,140,100,RGBA,134,dda2058f4d34184cbeda7d785828dad3fe70a9c44c7523901f80f71f32bad2fa
art/tactical-sprites/icons/afei_hair_C08.png,140,100,RGBA,134,dda2058f4d34184cbeda7d785828dad3fe70a9c44c7523901f80f71f32bad2fa
art/tactical-sprites/icons/afei_hair_C08_dead.png,140,100,RGBA,134,dda2058f4d34184cbeda7d785828dad3fe70a9c44c7523901f80f71f32bad2fa
art/tactical-sprites/icons/afei_hair_C09.png,140,100,RGBA,134,dda2058f4d34184cbeda7d785828dad3fe70a9c44c7523901f80f71f32bad2fa
art/tactical-sprites/icons/afei_hair_C09_dead.png,140,100,RGBA,134,dda2058f4d34184cbeda7d785828dad3fe70a9c44c7523901f80f71f32bad2fa
art/tactical-sprites/icons/afei_hair_C10.png,140,100,RGBA,134,dda2058f4d34184cbeda7d785828dad3fe70a9c44c7523901f80f71f32bad2fa
art/tactical-sprites/icons/afei_hair_C10_dead.png,140,100,RGBA,134,dda2058f4d34184cbeda7d785828dad3fe70a9c44c7523901f80f71f32bad2fa
art/tactical-sprites/icons/afei_hair_C11.png,140,100,RGBA,134,dda2058f4d34184cbeda7d785828dad3fe70a9c44c7523901f80f71f32bad2fa
art/tactical-sprites/icons/afei_hair_C11_dead.png,140,100,RGBA,134,dda2058f4d34184cbeda7d785828dad3fe70a9c44c7523901f80f71f32bad2fa
art/tactical-sprites/icons/afei_hair_C12.png,140,100,RGBA,134,dda2058f4d34184cbeda7d785828dad3fe70a9c44c7523901f80f71f32bad2fa
art/tactical-sprites/icons/afei_hair_C12_dead.png,140,100,RGBA,134,dda2058f4d34184cbeda7d785828dad3fe70a9c44c7523901f80f71f32bad2fa
art/tactical-sprites/icons/afei_hair_C13.png,140,100,RGBA,134,dda2058f4d34184cbeda7d785828dad3fe70a9c44c7523901f80f71f32bad2fa
art/tactical-sprites/icons/afei_hair_C13_dead.png,140,100,RGBA,134,dda2058f4d34184cbeda7d785828dad3fe70a9c44c7523901f80f71f32bad2fa
art/tactical-sprites/icons/afei_hair_C14.png,140,100,RGBA,134,dda2058f4d34184cbeda7d785828dad3fe70a9c44c7523901f80f71f32bad2fa
art/tactical-sprites/icons/afei_hair_C14_dead.png,140,100,RGBA,134,dda2058f4d34184cbeda7d785828dad3fe70a9c44c7523901f80f71f32bad2fa
art/tactical-sprites/icons/afei_hair_C15.png,140,100,RGBA,134,dda2058f4d34184cbeda7d785828dad3fe70a9c44c7523901f80f71f32bad2fa
art/tactical-sprites/icons/afei_hair_C15_dead.png,140,100,RGBA,134,dda2058f4d34184cbeda7d785828dad3fe70a9c44c7523901f80f71f32bad2fa
art/tactical-sprites/icons/afei_hair_C16.png,140,100,RGBA,134,dda2058f4d34184cbeda7d785828dad3fe70a9c44c7523901f80f71f32bad2fa
art/tactical-sprites/icons/afei_hair_C16_dead.png,140,100,RGBA,134,dda2058f4d34184cbeda7d785828dad3fe70a9c44c7523901f80f71f32bad2fa
art/tactical-sprites/icons/afei_hair_C17.png,140,100,RGBA,134,dda2058f4d34184cbeda7d785828dad3fe70a9c44c7523901f80f71f32bad2fa
art/tactical-sprites/icons/afei_hair_C17_dead.png,140,100,RGBA,134,dda2058f4d34184cbeda7d785828dad3fe70a9c44c7523901f80f71f32bad2fa
art/tactical-sprites/icons/afei_hair_C18.png,140,100,RGBA,134,dda2058f4d34184cbeda7d785828dad3fe70a9c44c7523901f80f71f32bad2fa
art/tactical-sprites/icons/afei_hair_C18_dead.png,140,100,RGBA,134,dda2058f4d34184cbeda7d785828dad3fe70a9c44c7523901f80f71f32bad2fa
art/tactical-sprites/icons/afei_hair_C19.png,140,100,RGBA,134,dda2058f4d34184cbeda7d785828dad3fe70a9c44c7523901f80f71f32bad2fa
art/tactical-sprites/icons/afei_hair_C19_dead.png,140,100,RGBA,134,dda2058f4d34184cbeda7d785828dad3fe70a9c44c7523901f80f71f32bad2fa
art/tactical-sprites/icons/afei_hair_C20.png,140,100,RGBA,134,dda2058f4d34184cbeda7d785828dad3fe70a9c44c7523901f80f71f32bad2fa
art/tactical-sprites/icons/afei_hair_C20_dead.png,140,100,RGBA,134,dda2058f4d34184cbeda7d785828dad3fe70a9c44c7523901f80f71f32bad2fa
art/tactical-sprites/icons/afei_hair_C21.png,140,100,RGBA,134,dda2058f4d34184cbeda7d785828dad3fe70a9c44c7523901f80f71f32bad2fa
art/tactical-sprites/icons/afei_hair_C21_dead.png,140,100,RGBA,134,dda2058f4d34184cbeda7d785828dad3fe70a9c44c7523901f80f71f32bad2fa
art/tactical-sprites/icons/afei_hair_C22.png,140,100,RGBA,134,dda2058f4d34184cbeda7d785828dad3fe70a9c44c7523901f80f71f32bad2fa
art/tactical-sprites/icons/afei_hair_C22_dead.png,140,100,RGBA,134,dda2058f4d34184cbeda7d785828dad3fe70a9c44c7523901f80f71f32bad2fa
art/tactical-sprites/icons/afei_hair_C23.png,140,100,RGBA,134,dda2058f4d34184cbeda7d785828dad3fe70a9c44c7523901f80f71f32bad2fa
art/tactical-sprites/icons/afei_hair_C23_dead.png,140,100,RGBA,134,dda2058f4d34184cbeda7d785828dad3fe70a9c44c7523901f80f71f32bad2fa
art/tactical-sprites/icons/afei_hair_C25.png,140,100,RGBA,134,dda2058f4d34184cbeda7d785828dad3fe70a9c44c7523901f80f71f32bad2fa
art/tactical-sprites/icons/afei_hair_C25_dead.png,140,100,RGBA,134,dda2058f4d34184cbeda7d785828dad3fe70a9c44c7523901f80f71f32bad2fa
art/tactical-sprites/icons/afei_hair_C26.png,140,100,RGBA,134,dda2058f4d34184cbeda7d785828dad3fe70a9c44c7523901f80f71f32bad2fa
art/tactical-sprites/icons/afei_hair_C26_dead.png,140,100,RGBA,134,dda2058f4d34184cbeda7d785828dad3fe70a9c44c7523901f80f71f32bad2fa
art/tactical-sprites/icons/afei_hair_C27.png,140,100,RGBA,134,dda2058f4d34184cbeda7d785828dad3fe70a9c44c7523901f80f71f32bad2fa
art/tactical-sprites/icons/afei_hair_C27_dead.png,140,100,RGBA,134,dda2058f4d34184cbeda7d785828dad3fe70a9c44c7523901f80f71f32bad2fa
art/tactical-sprites/icons/afei_hair_C28.png,140,100,RGBA,134,dda2058f4d34184cbeda7d785828dad3fe70a9c44c7523901f80f71f32bad2fa
art/tactical-sprites/icons/afei_hair_C28_dead.png,140,100,RGBA,134,dda2058f4d34184cbeda7d785828dad3fe70a9c44c7523901f80f71f32bad2fa
art/tactical-sprites/icons/afei_hair_C29.png,140,100,RGBA,134,dda2058f4d34184cbeda7d785828dad3fe70a9c44c7523901f80f71f32bad2fa
art/tactical-sprites/icons/afei_hair_C29_dead.png,140,100,RGBA,134,dda2058f4d34184cbeda7d785828dad3fe70a9c44c7523901f80f71f32bad2fa
art/tactical-sprites/icons/afei_hair_C30.png,140,100,RGBA,134,dda2058f4d34184cbeda7d785828dad3fe70a9c44c7523901f80f71f32bad2fa
art/tactical-sprites/icons/afei_hair_C30_dead.png,140,100,RGBA,134,dda2058f4d34184cbeda7d785828dad3fe70a9c44c7523901f80f71f32bad2fa
art/tactical-sprites/icons/afei_hair_C31.png,140,100,RGBA,134,dda2058f4d34184cbeda7d785828dad3fe70a9c44c7523901f80f71f32bad2fa
art/tactical-sprites/icons/afei_hair_C31_dead.png,140,100,RGBA,134,dda2058f4d34184cbeda7d785828dad3fe70a9c44c7523901f80f71f32bad2fa
art/tactical-sprites/icons/afei_head_C01.png,54,68,RGBA,7989,034f096ec93883ca1b69cc5daab8526b9b59cfa6f5473675c9f85001ac075b6b
art/tactical-sprites/icons/afei_head_C01_dead.png,54,68,RGBA,5291,43b6f1b5008b14462e896cfdcd3311f44db722605989fea01bc48aff1a75126d
art/tactical-sprites/icons/afei_head_C02.png,54,68,RGBA,7292,61ce46cb4659311bad7cb889ada5b0cba9b7fc46187859773cdbb43f1fbc0006
art/tactical-sprites/icons/afei_head_C02_dead.png,54,68,RGBA,5317,8e4c8ea0490e2594d941a43e381700eca5b0501090f95f77de4555523b5b04d3
art/tactical-sprites/icons/afei_head_C03.png,54,68,RGBA,8378,329931889d48b54ad6f3dd2dc5f6589be342ec7253c1fc717d0dce81223c435d
art/tactical-sprites/icons/afei_head_C03_dead.png,54,68,RGBA,5582,f5ab61c228fb22e5a92cd73208da010c9ba35292121cc931b3b7ebbc19aeb485
art/tactical-sprites/icons/afei_head_C04.png,140,140,RGBA,19164,f6b7351d13a7e3ee5b7e5afecef9fc2149fb3c0feb6756a65f0f48182442ed15
art/tactical-sprites/icons/afei_head_C04_dead.png,140,140,RGBA,13396,af1b6ca1f397a3caf1cece8298066a397310732608531db9a195d8eb065ae639
art/tactical-sprites/icons/afei_head_C05.png,54,68,RGBA,7821,825ddd658b12919a571131d798af8dd2d5437a1a5f7c7223bb25528a94648e0e
art/tactical-sprites/icons/afei_head_C05_dead.png,54,68,RGBA,5174,b7c314e1dc1714c7f67d08c93a3096daac035bfdab642ff1f867149e73cc69b4
art/tactical-sprites/icons/afei_head_C06.png,54,68,RGBA,7556,444c7459a4008337c6550ec6a555f40aff898d2b34f79c8a5e9996aced63421e
art/tactical-sprites/icons/afei_head_C06_dead.png,54,68,RGBA,4956,9e7d894efedca4d09e57cedf8ebdfaa37353bda427bfb484bde21fbbf33feab4
art/tactical-sprites/icons/afei_head_C07.png,104,142,RGBA,34464,70cc4924e50b8afcf5ef13ef7420d275c5a1014d1e61e4561a5b320b05e6cabe
art/tactical-sprites/icons/afei_head_C07_dead.png,104,142,RGBA,19977,308a8b24e7c1436f55d8d832818d2639023f2bf214119cfb5ce620467257abfb
art/tactical-sprites/icons/afei_head_C08.png,104,142,RGBA,31876,414937359f7b6593e844079acde6c0d9c4bec0831dfd6790634025e50ebab67b
art/tactical-sprites/icons/afei_head_C08_dead.png,104,142,RGBA,18866,269d83f636bb09db341e2d385483c4117e46c90c52e19fd4d91ce0918021ad96
art/tactical-sprites/icons/afei_head_C09.png,104,142,RGBA,30300,deb8614fbd21379026a6693ab7200c576769271fd6966d534d8adc0d1d098158
art/tactical-sprites/icons/afei_head_C09_dead.png,104,142,RGBA,17883,3a4af3c8f59b887b2ea1c1dd58a1f0dd10b890ee01f03c6f5f87121bc1d78367
art/tactical-sprites/icons/afei_head_C10.png,104,142,RGBA,34933,80089d5287edd1da9cc042478386b839b64b9ecc03136c1d72c712bb332b8525
art/tactical-sprites/icons/afei_head_C10_dead.png,104,142,RGBA,20231,0f0934366de06525b935be7be5e81a775b7fb0300e123998cd61fb3cce6b237b
art/tactical-sprites/icons/afei_head_C11.png,104,142,RGBA,31332,5ceb9fa5b1ad57f646a62b5f9f2e957949e1ea061f0ea14501b2a391826e02bd
art/tactical-sprites/icons/afei_head_C11_dead.png,104,142,RGBA,19241,00a6dd81f2e9f43764373f83811c198b023ae62ee49b781116e3ab180cfb7a17
art/tactical-sprites/icons/afei_head_C12.png,104,142,RGBA,31717,fa59d1303dfac40814610f3b210ca0cfb8dc13dd25ecaddc941e9c552d2c36ba
art/tactical-sprites/icons/afei_head_C12_dead.png,104,142,RGBA,19147,9f5f0e9335b605ddc6e9b3c8757088081eed61c11792b3e3b80b029bba962cc9
art/tactical-sprites/icons/afei_head_C13.png,104,142,RGBA,33678,1d79b1f5efbbfe13b550a37ee607f2c0ad13423c8be4a24ff82a8f0f098bb87f
art/tactical-sprites/icons/afei_head_C13_dead.png,104,142,RGBA,19540,7b8662dc0ac3943e7579f0f0b69074f45426ef0a07ea12e0f38e608c57866153
art/tactical-sprites/icons/afei_head_C14.png,104,142,RGBA,32511,d5c1986a90b888fde5c76df28936402a6057654aa9f216f8596572b460243a2c
art/tactical-sprites/icons/afei_head_C14_dead.png,104,142,RGBA,20278,61284b1f312139529146b97cb2818b881956007c75ae06ab60300520a30010f5
art/tactical-sprites/icons/afei_head_C15.png,104,142,RGBA,31952,8795fbb82258c6470457ca855884da893761fed085262a7e6b4f9c433f766620
art/tactical-sprites/icons/afei_head_C15_dead.png,104,142,RGBA,20445,9b53cd4e3a2737e56682f0f5f0d8af2ec2c8493f58f922feb4080fd34f13a822
art/tactical-sprites/icons/afei_head_C16.png,104,142,RGBA,31933,9c273c0ea295def647e4c846c0236bf9bc2d53333432500bc4f76632e02e1c11
art/tactical-sprites/icons/afei_head_C16_dead.png,104,142,RGBA,18975,7e643599db4fca7bf0a527f6d5754715174d0061be33fa96abf6b4486bf31873
art/tactical-sprites/icons/afei_head_C17.png,104,142,RGBA,31340,00bbd05702ca59308265a282ec2792c5fef709fee3f4c68942163402bcb5f9ed
art/tactical-sprites/icons/afei_head_C17_dead.png,104,142,RGBA,18889,94a1e408de0c7dd12eeb51bb62e38a6c81a282872573b5580d5b12e5177e5278
art/tactical-sprites/icons/afei_head_C18.png,104,142,RGBA,33663,030dd064b11bca0cbc8a486340185a2402e018cf5c8c5a3b3c275e06cb40a1f2
art/tactical-sprites/icons/afei_head_C18_dead.png,104,142,RGBA,20401,9aff9d1bd97df9ff9f5da33b96d7dc5b1cb860298875c65da965210237cb67c7
art/tactical-sprites/icons/afei_head_C19.png,104,142,RGBA,31931,18c8b7e1fdef7a5339865301693609f085161833a362e1ba9fe0d83a7d1d1388
art/tactical-sprites/icons/afei_head_C19_dead.png,104,142,RGBA,19278,b75bca501e963c2ead5ea1c31016d8b178d1266da0cff88eed44f8ef8bc7fafb
art/tactical-sprites/icons/afei_head_C20.png,104,142,RGBA,34184,cb804aad72c41a2a317702a2701cc8e910a7236f825a219c4ed358253b170a67
art/tactical-sprites/icons/afei_head_C20_dead.png,104,142,RGBA,19842,8375e4909c6969467346adcb83f6db366e80b39f72a5c8c238ede0bd49b64489
art/tactical-sprites/icons/afei_head_C21.png,104,142,RGBA,24545,2ff5c320d2472bed743b8e9d2a92ba2e78a92e368c688172c8463a5cb91c1acf
art/tactical-sprites/icons/afei_head_C21_dead.png,104,142,RGBA,15597,4d032966f70d080acbc9f952584e59949f61a41b16e4f0064fb6b94e1b1e7484
art/tactical-sprites/icons/afei_head_C22.png,104,142,RGBA,23378,3b896e33b3a188dc724e63bf1e930cbf55b26405c6042b8efaa5f3a0ca0de0d1
art/tactical-sprites/icons/afei_head_C22_dead.png,104,142,RGBA,14341,b3c24c2d1dbb5e7aa5f5ea4e0f440e35bbfcbfc1f417fdbe44334f44091cf32e
art/tactical-sprites/icons/afei_head_C23.png,104,142,RGBA,21331,43a75260a764d8323b795b7348eb575d6f2a83ffe55d306c54a6e9a691e12241
art/tactical-sprites/icons/afei_head_C23_dead.png,104,142,RGBA,13483,7c7098afd275193975aec383208b6a063ab7b10edb5ead7b678682b7c83a26ff
art/tactical-sprites/icons/afei_head_C25.png,104,142,RGBA,21885,b8f1851391650b95388a0b61561031dff088b57b2ae3ed7c2acc5810c4672cb7
art/tactical-sprites/icons/afei_head_C25_dead.png,104,142,RGBA,14312,db0bfefab709883edffc9e4494cba32be51a33707ce7249f7eea55d99736589f
art/tactical-sprites/icons/afei_head_C26.png,104,142,RGBA,19131,e16ec519f10257ec5057dc2a7d1dbd51b60ebbf24e1a18c85da9388218fa9185
art/tactical-sprites/icons/afei_head_C26_dead.png,104,142,RGBA,11933,f46552160a53c23b03e1dfa0f82c97fbf34b06172feff51d693c16f2da1a5dfa
art/tactical-sprites/icons/afei_head_C27.png,104,142,RGBA,26627,02c8dd3efa9dc9f0b7fca988eea06af25c82b9d1bb5a72f19d8f6be62b19c338
art/tactical-sprites/icons/afei_head_C27_dead.png,104,142,RGBA,16728,f930d88a7750188f06b7d81571f7b22efbf4d168774e868c597eb1275e991fbd
art/tactical-sprites/icons/afei_head_C28.png,104,142,RGBA,23836,74ddb004ea4068e90d25f0cc74feee0d516617ba30dca8f2d1daed405584c313
art/tactical-sprites/icons/afei_head_C28_dead.png,104,142,RGBA,14624,63c41cd1ccf7fab4afb92b3f0c4cc33dfc1d601a9cfcdf35766939eb8e5ce260
art/tactical-sprites/icons/afei_head_C29.png,104,142,RGBA,25811,d1ef42256b563a37ebcd21750871d324064e0938ebe52841accaeeb8cc6075b7
art/tactical-sprites/icons/afei_head_C29_dead.png,104,142,RGBA,16603,c1a4ebfe33a2007b577cd4f3ea75770d85d0aea7ce2c31dde69ffc26883e3859
art/tactical-sprites/icons/afei_head_C30.png,104,142,RGBA,25210,93e4dae0c0bd98c093a5dd2b7e118b7ccd92c05ec89d37762d05b3786e83554f
art/tactical-sprites/icons/afei_head_C30_dead.png,104,142,RGBA,15624,bd08c8c6fe09952082a2d3652c665ba22e1e12f6ddf4cffb7e35429d4f2b8d98
art/tactical-sprites/icons/afei_head_C31.png,104,142,RGBA,22618,7a3c6acbf6cb7a65697f90dcce556728b503ec8e337042e76e0881c370544818
art/tactical-sprites/icons/afei_head_C31_dead.png,104,142,RGBA,14373,d05f31123fcf1bcefaafaa7c370038eec1afd6e36f931b0e9a1e58a86edb5d69
art/tactical-sprites/identity-lock-v5/afei_figure_C04.png,114,142,RGBA,23690,533a6c0cef9ab70a93905ed0eb1d132871ad2be00ad12ddff857ffceb91c4faf
art/tactical-sprites/identity-lock-v5/afei_figure_C05.png,114,142,RGBA,26827,6ace8a3ab02b639439d928543be60d2600c3d392b9260d2a68192a615fd3e2cb
art/tactical-sprites/identity-lock-v5/afei_figure_C06.png,114,142,RGBA,24765,d1eb3a9aa9e4e411c4314b8ee2a9159941cf50260be092c705152ee91a64f8f4
art/tactical-sprites/identity-lock-v5/C04-master.png,1176,1337,RGBA,1504056,a8a10b5bc886f6712f068e2fbf8b38ddb6c063ca5235012b18fea6e271aec059
art/tactical-sprites/identity-lock-v5/C05-master.png,1226,1283,RGBA,1697292,8a04d26dd2e8202a2693b3ceb86f090df50a6a87638600123b25beb5816fd5b4
art/tactical-sprites/identity-lock-v5/C06-master.png,1246,1262,RGBA,1467116,603e22da205544468656c509fa3e41341dc3e60c4279dbc3dd22c1eb0cdcd21c
art/tactical-sprites/layer-sources/body-C01.png,1536,1024,RGBA,2126544,f9900c3ea411730b14aea4cdc024f83e98d1139c3a71eecb55580512aec5a48f
art/tactical-sprites/layer-sources/body-C02.png,1536,1024,RGBA,2193198,5b921c28f55150f27b7f952b72fa0c180654866e427e6b40816b0fed74da7b53
art/tactical-sprites/layer-sources/body-C03.png,1536,1024,RGBA,2459535,14329c610e9e2bfa5b8955626c943fcb9005689aaed804cfa8b7e440371cb025
art/tactical-sprites/layer-sources/body-C04.png,1536,1024,RGBA,2094165,5496ec36a0a66782cb57ccf8e79f9abce3c4a3ee7a8ac5093e1404487b366ff4
art/tactical-sprites/layer-sources/body-C05.png,1536,1024,RGBA,2308530,4cd26f1a6c9d8e74d21e4eb81533b9063247ca5f6d8b75cedca5cbef08cabb9b
art/tactical-sprites/layer-sources/body-C06.png,1536,1024,RGBA,2439849,011721e9afdf94623b36844a53d50203084c7d64ebcd64357bdb79d025d8c5c4
art/tactical-sprites/layer-sources/C01.png,1774,887,RGBA,901104,ad0c65eda76d69ff9b339973599087405034369ed89eda5ac21bb6625b02620b
art/tactical-sprites/layer-sources/C02.png,1774,887,RGBA,909243,dd1bc3fb75470ffa447c40fb232711192695ba2e8138cdd564ed15f1747c92a0
art/tactical-sprites/layer-sources/C03.png,1774,887,RGBA,1167724,6b321fa746d508c1796303852ec4a5dad8357762d132a03f9bba02db4e5b7489
art/tactical-sprites/layer-sources/C04.png,1774,887,RGBA,1222690,b8fbb1077792c7768409c1bc26356df0f31e869738f7ac16e8fad1551d345c72
art/tactical-sprites/layer-sources/C05.png,1774,887,RGBA,1294605,6e34abc535315e6c9a69373939e1d5b151f2dd06c349ad8dff9845d6796ec11f
art/tactical-sprites/layer-sources/C06.png,1774,887,RGBA,1114406,a0ad2c59e31ec30bafd5a60fa48c71b8293c42ac703116b32fe42dd1550e281b
art/tactical-sprites/likeness-v3/afei_figure_C04.png,114,142,RGBA,23182,3851803a0087ce8c0aa661ba273b95376a237d096a946a6862f3bfdd58da7d36
art/tactical-sprites/likeness-v3/afei_figure_C05.png,114,142,RGBA,25488,3bdb414a33a4eb3c31c33962dfd2cde17c7cea0cd41aa9d650510bdcf4ebb954
art/tactical-sprites/likeness-v3/afei_figure_C06.png,114,142,RGBA,24573,025eade6877113ddd8d5979748cf32942cc248fc2d96d35a2b4ca90bb847dc0d
art/tactical-sprites/likeness-v3/C04-master.png,1176,1337,RGBA,1275709,504a3b61da1b571bd30adfa6f1648a73e4b7a4b33294221da9dbbfd85025a3ab
art/tactical-sprites/likeness-v3/C05-master.png,1177,1337,RGBA,1676870,5ee462bcfe4a00ee2ce4dd3ca7736ba9fbbeeed12a4d1411ad20dc50bc7170bf
art/tactical-sprites/likeness-v3/C06-master.png,1178,1335,RGBA,1679814,5564b870c634cd307656ebf537575c1a29b75598afb6eecf1441a1da7e3f1b65
src/gfx/afei_busts.png,2048,2048,RGBA,1918784,cb8a820e13a4cbda29de1a4b02b4f275d8e48c30ec68a4ad7907c083d9d8ac1b
src/gfx/items/accessory/afei_bicycle.png,70,70,RGBA,8066,7252f6aa7f6e4cbdeb6c6c2f1c62cc061f8acbca24dfbc0177445dfb25ff6621
src/gfx/items/accessory/afei_ecig.png,70,70,RGBA,3326,19bf0b61d897c434cf46c144912d45ed71c834fbe7687d0aa3c3330e76cd2e34
src/gfx/skills/afei_abacus_mark.png,56,56,RGBA,8537,8fc70151ae8f01cb07520ad4477d4a7bcc776b503142f7f68c236ab56d784293
src/gfx/skills/afei_abs_comeback.png,56,56,RGBA,8882,2d62b77e5a8f03949d9e992b3924e643f435eea66331ca94a032d70e554d7ba9
src/gfx/skills/afei_bear_strike.png,56,56,RGBA,9166,4be2dfe96a1ef36ea377ad70fb3b8346a75b88335362317c9faf8e08469b0e66
src/gfx/skills/afei_bell_lead.png,56,56,RGBA,8520,4ac5e31a6a478adf489ae6c45b8f4d0f87e5ce260ab00f8efaadd71f8905dd66
src/gfx/skills/afei_biantai.png,56,56,RGBA,8821,3313277855f4a00e1023a5497bbab8d83e837307276ed0e37fdd988c41286dd5
src/gfx/skills/afei_blue_form.png,56,56,RGBA,8924,428aff79e2fce47592e05a34bd8073cb67db552ef0522c1750bf50f30defa9d2
src/gfx/skills/afei_borrow_strike.png,56,56,RGBA,8485,6548a4eb114ca963ef5f6803d93525f21697ea791170baf5968697024f26f6d8
src/gfx/skills/afei_bottle_breakthrough.png,56,56,RGBA,9330,cebbc4855d13160dde63cd485c97096f327c65b0f158105f44de2a7ba8ace36e
src/gfx/skills/afei_breach_strike.png,56,56,RGBA,9191,cdbfb1cbfdc3595a9e0f0480fb63d6f399dd075003afe1177ad2597738e2cbc0
src/gfx/skills/afei_breathe_easy.png,56,56,RGBA,9283,8a5703c3e7dad5b2c2c761eae9ca1cd6b306d0fa581855e731b62e7d74274dea
src/gfx/skills/afei_budget_share.png,56,56,RGBA,8948,77edd32ed681636fb81971bfd294fff58e6b410a73f1bbadd25417e16969f156
src/gfx/skills/afei_catch_baton.png,56,56,RGBA,8433,84237c51282d7cde6cd5bbb7f4b4ddac0bf45c21fd80fc52f59ac7cf51ab92db
src/gfx/skills/afei_catch_rear.png,56,56,RGBA,8746,3b65b04cda97ef8f7b5ee2f9035bd07154a8585cef1500d052d4284366e28ce0
src/gfx/skills/afei_chaoju.png,56,56,RGBA,7963,16a638519463507b7b2396b3073a1b5af90a80b0253a0fec5348f558afe14947
src/gfx/skills/afei_cover_up.png,56,56,RGBA,8051,40bc7f865fb381a80c884e6deeaa01a615aab8255fc43a6c9a479de49627ffa1
src/gfx/skills/afei_cup_signal.png,56,56,RGBA,8635,8edca20db4039fa3be828942f514f9870bbcb6a79fdad122e6443757e419478d
src/gfx/skills/afei_curtain_yield.png,56,56,RGBA,7996,3f73cf2957d6a8a75e535807fec176041bf733a8af01466f409efd3d391ed876
src/gfx/skills/afei_curve_force.png,56,56,RGBA,9264,aed7fc7c466e22dcceb22c93721d809e49a81c802f154c2cfde912bb174a7054
src/gfx/skills/afei_dog_bark.png,56,56,RGBA,8595,29073f56d854d0bd5821ca781a9683fb8f7550afe3b776faa473e86374fba8a8
src/gfx/skills/afei_door_block.png,56,56,RGBA,8720,1c37afff1ca5326fad0d0921917e997e31fb17e62bb36e97e697bcd0eadd8499
src/gfx/skills/afei_door_mine.png,56,56,RGBA,8406,bdf57ca1000544881751ece41cc0f2d1508819fb0cad8cce42b37a3ba92bb772
src/gfx/skills/afei_drum.png,56,56,RGBA,8771,4e12cd480933f4a40cccf27a0ff847bbf92b53808c7533b33e3aa7a1e0736a12
src/gfx/skills/afei_duck_turn.png,56,56,RGBA,8816,0a93a67ed97d4613fda76ab32455842619f272963d3377a09de21f4ddb7b7ef4
src/gfx/skills/afei_dui_sentence.png,56,56,RGBA,8125,239c0a4143d6b4e56f724bbc217b710028c0c47d81002c5c6131d910cbe09cf3
src/gfx/skills/afei_ecig_puff.png,56,56,RGBA,2517,29bdd18b0ee6977cdbb083c7174de09b1965cf51c53be801eb8df1dc2329650b
src/gfx/skills/afei_ecig_puff_sw.png,56,56,RGBA,2319,293c2da6ac2743839813f3af4f2abf71a493e608a934506657f5ea75ccb773b9
src/gfx/skills/afei_fear_afei.png,56,56,RGBA,9001,04cd0975d48fde7693e0b160ebbf669438ed4ef7e47c0659ffc1392ceaa5ee77
src/gfx/skills/afei_finals_moment.png,56,56,RGBA,8354,3c6b1eebc347b1940376d77072ae64a5b432d972effcd7230ce0eb1120a7bf64
src/gfx/skills/afei_five_elder.png,56,56,RGBA,8068,9da4b80db007d25eafb7905d82f79eb66e7212671bf179e552bfe9dc7d0caf0d
src/gfx/skills/afei_foot_point.png,56,56,RGBA,8820,9bd441605de10a811bb36e659187c15093acd8a0ec03623869aff3f7255f5bd7
src/gfx/skills/afei_full_circle.png,56,56,RGBA,9119,823c4d34caf95a2501ba2123d5ee251585c740d89030d25af7542f0b116add5e
src/gfx/skills/afei_gaga_charge.png,56,56,RGBA,8727,de67299fa71818c2eaf9f7cc2c743f542ef8cb36685639a221374b3791bc16b2
src/gfx/skills/afei_good_card.png,56,56,RGBA,8955,4e171d82018eb4e9d285bf95b208eb2bd60ff16345868fd075da9c8575419963
src/gfx/skills/afei_goose_bully.png,56,56,RGBA,8923,e0c14da92390309dc7ff52ab978dce9ba2238ebd65651280aa520275809fcc4d
src/gfx/skills/afei_guard_gate.png,56,56,RGBA,8251,0cbe504ff1b508e798ba2535095d2620a4b152ea00ed53ddf1732eeeb5ae19a1
src/gfx/skills/afei_guard_nest.png,56,56,RGBA,8689,190e3fc9b2d70c289f7825fd1be97bc2983fd3083b445c62d4c3f896ba225ff0
src/gfx/skills/afei_guard_self.png,56,56,RGBA,8584,71ff4dc3a5a984a2de8a245eaf60b74deef46900bfbf8be8aa826fee32f6be86
src/gfx/skills/afei_guard_swap.png,56,56,RGBA,8393,2fd36cf5e0516a06a9c29287f919e479350b6148200c2ab66699d5a228b1039b
src/gfx/skills/afei_half_react.png,56,56,RGBA,9165,d3e243a4f8139469698516da32800d7c89c33ebd002618cf4d17b0281bec91b7
src/gfx/skills/afei_half_step.png,56,56,RGBA,8673,20b43b851d3970b7571c0207b004ef88f174133cca7c24f77f5609297907d7bb
src/gfx/skills/afei_hard_brake.png,56,56,RGBA,8407,111493e5a7aa168aead7a8c9349d105d72028d35e7f408e6d14458196d35dcc7
src/gfx/skills/afei_hold_curtain.png,56,56,RGBA,7982,4cb51504ff7ee94a9ab9e8bd2aa796d069a559617b2685df8f0581603fb79a07
src/gfx/skills/afei_hold_ground.png,56,56,RGBA,8724,1edb80fdc65a689ced46285f2c22dd8cbe3040c8626e0e73e9545d1500a54895
src/gfx/skills/afei_jiahao.png,56,56,RGBA,8903,da788c0237d0c9812369b6ae59a6faa6f365b26ac59e1aa4574f4862a883aac2
src/gfx/skills/afei_king_dance.png,56,56,RGBA,8980,b172f6433575455d3908eee4e02b9dfed96014c3e86ec2c4e5523ebdea87e3f5
src/gfx/skills/afei_know_rules.png,56,56,RGBA,8785,d6a5777369e34715f8f1310d7d53509777ef04e74c7098bd8cba8dde55495946
src/gfx/skills/afei_leave_not_gone.png,56,56,RGBA,8455,a6976b5f4caba05b359917f95a7c2cbd4e67898aafe147c4fd8142160eccab8e
src/gfx/skills/afei_line_detour.png,56,56,RGBA,9008,dfd43d0b4c1fda84d25bebc5f998e300de4b8781ca51a0cd128ece90e5ada14d
src/gfx/skills/afei_lock_wagon.png,56,56,RGBA,8492,2fbfaa88ebfcfe7e2b11739869056ab795493dc892baf2d64f8c3521d077ee3c
src/gfx/skills/afei_long_run_breath.png,56,56,RGBA,8930,3c1365d441b8f02647c2e4a3d2a0d12493fae89eab1eaad5be1cee2eddb28395
src/gfx/skills/afei_long_watch.png,56,56,RGBA,8125,f87dbd85865940080c4b4fe6830fcd74769507d9904661ff18d6a732938d3557
src/gfx/skills/afei_look_flag.png,56,56,RGBA,8903,4f5ca38a3dcd086a092231521fd8bb5a46ae6e722ab60c253162b277ce9673f7
src/gfx/skills/afei_loyalty.png,56,56,RGBA,8737,f07c56a5eb19ce9c340b61ea1949f70e0942371e40bd7ddbe35b75c83d7efc97
src/gfx/skills/afei_lvbu_weapon.png,56,56,RGBA,8753,6f8012f33a11a194cd739e04200dd4bb7ffd6525ae2f9940c6bd4a0349aaf9f9
src/gfx/skills/afei_moon_cake.png,56,56,RGBA,8961,3676469bc56a5a00442e2296faa1398aecf45915217da01bbc74fd62b051d278
src/gfx/skills/afei_mouth_strong.png,56,56,RGBA,8662,7b7ec7bc63a6954281ef0de494d5675e48725ddd1c54e8320f4b2e6838b19cd7
src/gfx/skills/afei_next_path.png,56,56,RGBA,8651,64941369eccf0851d00ddd518fe87f30f38dc9607ed34780f2559a1188a08f38
src/gfx/skills/afei_nicotine.png,56,56,RGBA,8533,1baa811834c9fcb0c6aa086e2c2572e7269a2f1052b75973581f8a1f1d699a55
src/gfx/skills/afei_no_last_throw.png,56,56,RGBA,8529,ee98606953fc004cd5f5a30ad4f36d9c1ef4c1878bc9b1e566ac087df70faa94
src/gfx/skills/afei_not_fooled.png,56,56,RGBA,8372,98bb791f3e371fd8244d8df057664ed9e1b50858681cb72538cccb6b8571a6bb
src/gfx/skills/afei_one_more_night.png,56,56,RGBA,8015,1f947f0e25bdccabe73e3b426879a8e6d1f0940a09de17da04e179606f5f2b9b
src/gfx/skills/afei_only_man.png,56,56,RGBA,8811,8d2bc079b0576f9528c8e76dbec205bef7e8ee0445b48e2c463a4ad7b5a3a0e7
src/gfx/skills/afei_optimist.png,56,56,RGBA,8790,3a6ea74ba683a3a967eca21ff39fe6a57fdc6cf18483a283b72e652267c7037b
src/gfx/skills/afei_ouqi.png,56,56,RGBA,9006,4124afdadd7e75dd428cc7b3ae1bfc8d1fcef6ab9e9f96125ee1edeed82d0e44
src/gfx/skills/afei_own_people.png,56,56,RGBA,8438,3f8b9519fecc73946f2cd300e4071e03f69a5bf0d0c7485f8c772ce7ad004441
src/gfx/skills/afei_pokemon.png,56,56,RGBA,8807,b2ba86a244d99dbdeaed9f4cf3ca15f54a308ca5090a07df6d840665cfabab32
src/gfx/skills/afei_prince_order.png,56,56,RGBA,7752,a33c94bac94ce9eecfeac28ae1a5212f9d5436a49c510ee170ebdf7f49ac6cba
src/gfx/skills/afei_purse_clear.png,56,56,RGBA,8840,0a1ada9cbe9d900fa0bb771cde1ef3f80333b56cbf96fb30e9c32ab04cdd117c
src/gfx/skills/afei_read_beat.png,56,56,RGBA,9075,adcd907f4596136212e4480d807bcab456e0cc095a403c0524228fdbca9ab08a
src/gfx/skills/afei_remember_shield.png,56,56,RGBA,8631,885ea3b2dace5175a83cd8ccf86b02c7d9481c7302422369f9783bfaa76f8d39
src/gfx/skills/afei_return_arrow.png,56,56,RGBA,8382,e5a60068932f359a2fa4e56f98270db6c94232791e037f75fec737a4f3258a4c
src/gfx/skills/afei_return_road.png,56,56,RGBA,8701,40ffbb12d1f5a70ec49af386b6c6470325543ec3d8a89cdefbcc6889c28dc40c
src/gfx/skills/afei_scout_path.png,56,56,RGBA,8623,63e588d98513a2c040c1629e9b98120fe3fd1c33499398dcd547da3754b75fbf
src/gfx/skills/afei_scrap_parts.png,56,56,RGBA,8570,a4e66fbaafb73bbac731c8cb3aaaa6fab78ceb7409258024016083192256fc16
src/gfx/skills/afei_segment_breath.png,56,56,RGBA,8701,ca410ca41fbd32b4423aa5ae6366125bc4c6582ed1a3e0c6e037b9c6345101d6
src/gfx/skills/afei_shadow_captain.png,56,56,RGBA,8561,104339adbdba0e234d84fab5b0c07a1a6bbb2f9a29ba8e0bc22b603a9adefbe2
src/gfx/skills/afei_shift_arrive.png,56,56,RGBA,8618,e224fd3d1c39c67e59db1eb7e797d5fbdd0755794e3d36ad5079aaf9e1140660
src/gfx/skills/afei_short_sprint.png,56,56,RGBA,8393,9fce6a34ac214e5b7960ca90153ca2fb636b8b8e87cffcae7f81fd99cf1e51be
src/gfx/skills/afei_shrink_cover.png,56,56,RGBA,8404,118f0679ad5909253c1299e2dd1ae11167bfefbbe093972a6e4e263bcd867334
src/gfx/skills/afei_small_heart.png,56,56,RGBA,8659,94eb85ac1ca6c82edf4f7860acfa1288588617555d175008eda477690954c8e5
src/gfx/skills/afei_snake_read.png,56,56,RGBA,8952,a045f7d6bc15576a7c27fbadcfca94bc01a8774e73ff7ae6f4ae41acaa933675
src/gfx/skills/afei_snake_trial.png,56,56,RGBA,8950,33a3d9b8de71f01899ffd3d9084599e087465af7823e647ac18a06963157b7b1
src/gfx/skills/afei_spare_key.png,56,56,RGBA,8178,66bd95e70b49656a269c96977de035aad1e46f5832c05cc231c8a98b28ae9db0
src/gfx/skills/afei_start_run.png,56,56,RGBA,8816,1da17cc0749f6151b5e0a4e35dc09b4730e0a03ba82b80b54e3aed7fde0b0fff
src/gfx/skills/afei_steady_hand.png,56,56,RGBA,8067,2e4c661e2d427c78161ba596048e3e881bb971156d6907a154ae775408a2db23
src/gfx/skills/afei_steal_bro.png,56,56,RGBA,8955,92c038ad23db86d9c3119903420c8615bbe64c69bc37a089048dc9426f8e109a
src/gfx/skills/afei_supermarket.png,56,56,RGBA,8774,25d6e276eb926d0a31c3e779632ab6755546dbf3f9cf5df8b51cf7e09c3b9ff1
src/gfx/skills/afei_teammate_ball.png,56,56,RGBA,7925,2ed2b3ea9c32cb78181c3b16d75f3762c14f31a96b15f04355afb41d86664c88
src/gfx/skills/afei_toad_escape.png,56,56,RGBA,8739,2587d182ea9682baee254f2c6a4ed85b3b1bfd647332407d2b730de3c9c7f9f5
src/gfx/skills/afei_together_lift.png,56,56,RGBA,8577,9238ed818e0e9dd62ee303479813dd7a57b994e52959cb93f1d4c97b55875fb7
src/gfx/skills/afei_two_steps.png,56,56,RGBA,8807,06fa6f1272e488fcf1a8f4689039aeaeb84086b786e828b9eab1e2c8e2130bef
src/gfx/skills/afei_unselectable.png,56,56,RGBA,8617,a8ba876b2539e36343b22339eccf01790072f0ab9c97223374b9b662d16a34f1
src/gfx/skills/afei_wawa_call.png,56,56,RGBA,9016,820b4eb9a3e23ebf17140cc4670af7e6ab026523404f1e2bb2c41a0b48229f8c
src/gfx/ui/events/afei_C01.png,220,220,RGBA,73828,eff7b6f3847e36acc559ff07cd88fb6d9ba58bc50faedfb835cf55a901739dea
src/gfx/ui/events/afei_C02.png,220,220,RGBA,91505,efb6ab18fa8241963101ece8498f4c01a735c68b296e066ee29e87635f060f74
src/gfx/ui/events/afei_C03.png,220,220,RGBA,90103,93d61044376fa73bea298b80c7ea3564a12e4e8d491003b6de6beea4585da242
src/gfx/ui/events/afei_C04.png,220,220,RGBA,81926,623a04f661668291de1b5496130c7927c551860f20d3395ade5c36ee84fd7648
src/gfx/ui/events/afei_C05.png,220,220,RGBA,87344,d8111194cb6d2f479963baf47582fd7a8eb87c43c604c9172da8ef41c8f708f1
src/gfx/ui/events/afei_C06.png,220,220,RGBA,85555,fcfeb21df6ac57fd050b5eb8b850b3be2a25dc09f5a54922c46404118f8c02b0
src/gfx/ui/events/afei_C07.png,220,220,RGBA,33271,50817413e13e7085485ef78b4dee9b6b90e71a6ade2b0407edbefd02c7b0c6d1
src/gfx/ui/events/afei_C08.png,220,220,RGBA,31003,b0bdfe17df72c8dcba8b0b8df7999a5e7e0b0b5adef40449dcbc9030559df033
src/gfx/ui/events/afei_C09.png,220,220,RGBA,29085,51b8283d2e9837ef3a4e6c0fe525f4865b9de878efcfd84ba5abc6224d9fce63
src/gfx/ui/events/afei_C10.png,220,220,RGBA,33631,68c9207cc8add370f71765f821773eca3ef311863ba50b05ff20726a75c72a09
src/gfx/ui/events/afei_C11.png,220,220,RGBA,29451,210525490330f00231cb7355fbd9466686099105f584c3d6b43ae741315a4991
src/gfx/ui/events/afei_C12.png,220,220,RGBA,30142,a465e50ebd8451f7934c2fd3d3707cf1d59c21f94caf7d4eecf5e819fcbc710c
src/gfx/ui/events/afei_C13.png,220,220,RGBA,32468,ac5a1da8ae66a0073f40032162eb3fb1921f3b8834e42efa7106eb767940709e
src/gfx/ui/events/afei_C14.png,220,220,RGBA,30180,3164c7fadba4101f3917f1fe869f2c36b01ad090f60289067b5579180e1e9ff2
src/gfx/ui/events/afei_C15.png,220,220,RGBA,29480,2f2535accf1824788022d57b34ea369b6feff3dfa42ff111f6c4db28dc1b216b
src/gfx/ui/events/afei_C16.png,220,220,RGBA,30388,cbeb05f41c42c29adcfc8dbbbc9f6e1d8e4253e23f18bf6806bceaf6126b0033
src/gfx/ui/events/afei_C17.png,220,220,RGBA,29973,5e6a95b61992fd7b0df6cb89e7bfa1999a57dea39071526495d2b0f7a1e4e3f7
src/gfx/ui/events/afei_C18.png,220,220,RGBA,31502,aa5ff37110102dcd32606f551aff4c934b47903e98bd478cf7eb8d5cebde6b52
src/gfx/ui/events/afei_C19.png,220,220,RGBA,30266,7cf18b8fc80d5446bffe4d34c19c4ea06ac917967d6d3d2cfb9971ea34d1e05d
src/gfx/ui/events/afei_C20.png,220,220,RGBA,32547,2d81b0da429e2686e4e82897824c4a90170b67867fd0ce1c4ca1684f99a2f7e2
src/gfx/ui/events/afei_C21.png,220,220,RGBA,23164,fa7297cf498bc756a5a091e0821882aaa10810b62743f9d19b7c43dfdc61e58f
src/gfx/ui/events/afei_C22.png,220,220,RGBA,22259,c632197244c03652d1317ffeeb76b493ea87f9f2758ffc53762928f7d2c28d1d
src/gfx/ui/events/afei_C23.png,220,220,RGBA,19728,4f664880379b84fdea66d4f55100fac2dc43f988ecda349b4ed47640450cb60f
src/gfx/ui/events/afei_C25.png,220,220,RGBA,20147,54a2785f8c31baed43d7ddba6bbcd10633b0767e0034930501ac8a4655cf757e
src/gfx/ui/events/afei_C26.png,220,220,RGBA,17924,389a58cb19e2a7547c7ab417ecbc556e82e7e673bae0fadb25ba8053724af9ad
src/gfx/ui/events/afei_C27.png,220,220,RGBA,24685,2c221801d97445ed608d32074d934c3269a31924f4aa14ef5c78f42f72fb3481
src/gfx/ui/events/afei_C28.png,220,220,RGBA,22819,e86ff40b002deef909cf163c07f3461909394fa3597c767da3e5dfa3f89dd5b5
src/gfx/ui/events/afei_C29.png,220,220,RGBA,24231,c7a7b408553c104ded4dcaa82b5a51a09f9ca6702eb6ae7347651447b9a06cda
src/gfx/ui/events/afei_C30.png,220,220,RGBA,24020,c96ba4799367ca9855fb1a7841e1635e931227a155da6758e19965389e877c21
src/gfx/ui/events/afei_C31.png,220,220,RGBA,20997,b0c63081854f619881582bf758cfc3c23a4e76b249fce5a9c3304c1b7fc4f662
src/gfx/ui/events/afei_scene_farewell.png,220,220,RGBA,97528,0fc2708cf521d289a7aa92fcd94553efac85dd53e6cf6fbfb41f11d09f83fcf5
src/gfx/ui/events/afei_scene_welcome.png,220,220,RGBA,96556,c06b3e10720761d82e6f78ccfb4972c5741fdbaeb69ccd24dea5572496b97ea2
src/gfx/ui/items/accessory/afei_bicycle.png,70,70,RGBA,8066,7252f6aa7f6e4cbdeb6c6c2f1c62cc061f8acbca24dfbc0177445dfb25ff6621
src/gfx/ui/items/accessory/afei_ecig.png,70,70,RGBA,3326,19bf0b61d897c434cf46c144912d45ed71c834fbe7687d0aa3c3330e76cd2e34
test-output/afei-c01-game-preview.png,220,220,RGBA,86494,303230e6f4112845769f21f9d0ec38a04f4e473b1f8b4c0c2ead4c4f3a7bcd31
test-output/afei-portrait-preview.png,220,220,RGB,87891,bf3d763ef47e5ca5693771e6bd48609538e7d8fe7bb8fa0173df7631f03dda57
test-output/game-portrait-2026-09-23.png,1707,1067,RGBA,2785972,70d85cb35a6fba98df5416eca8598b082d50f4d82f04d6d25eaedcb2bd38dd2c
test-output/icon-contact-1.png,480,200,RGB,78996,7cd51cb7693203988f8d27704c6664fa70ea58a550315df851c44e2960edb43b
test-output/icon-contact-all.png,960,880,RGB,695827,3e3dd4394065aae782ea1cb870d866b6aa3ac2d067b330a01f45adc9e3851d8f
test-output/portrait-contact-1.png,880,750,RGB,921341,1a654b5573dcd4f0c6a71b15d434a4fd13d6a9b23897ef01decf3030c841d2d3
test-output/portrait-contact-all.png,1320,1500,RGB,2667998,0c244f6e7c5f1d0d17d9fe34a821b4c43b99c3e20e35c1c6d5198f286c4a1a02
test-output/skill-icons-before.png,1040,546,RGB,473622,1de23a2dea43f15e067683448f634fcd7d2728d901cf2bce5eb5120a15883339
test-output/unmapped-generated-icons.png,924,924,RGB,966807,b1119a1d09f4e4528125fa6e004bb3dd720b065298d0528db4e7233dd94f76f4
test-output/wawa-icon-preview.png,56,56,RGBA,9016,820b4eb9a3e23ebf17140cc4670af7e6ab026523404f1e2bb2c41a0b48229f8c
